{
  "quantum": {
    "f": -1.914180360571813,
    "violations": [
      5.0,
      3.0
    ],
    "energy": 33998.08581963941,
    "z": [
      1,
      1,
      1,
      1,
      1,
      0,
      0,
      1
    ]
  },
  "exact": {
    "f": -1.2039383748709767,
    "violations": [
      0.0,
      0.0
    ],
    "z": [
      0,
      0,
      1,
      1,
      0,
      1,
      0,
      0
    ]
  },
  "sa": {
    "f": -1.2039383748709767,
    "violations": [
      0.0,
      0.0
    ],
    "z": [
      0,
      0,
      1,
      1,
      0,
      1,
      0,
      0
    ]
  }
}