{
  "bitstring": [
    1,
    1,
    1,
    1,
    1,
    0,
    0,
    1,
    0,
    0,
    0,
    0,
    0
  ],
  "z_first_n": [
    1,
    1,
    1,
    1,
    1,
    0,
    0,
    1
  ],
  "objective": -1.914180360571813,
  "violations": [
    5.0,
    3.0
  ],
  "vqe_energy": -124866.44308051973,
  "n_params": 39
}